created_date,repeat_count
2019-01-01,1365
2019-01-02,1393
2019-01-03,1402
2019-01-04,1995
2019-01-05,851
2019-01-06,853
2019-01-07,1402
2019-01-08,1420
2019-01-09,1477
2019-01-10,1980
2019-01-11,1886
2019-01-12,910
2019-01-13,884
2019-01-14,1423
2019-01-15,1439
2019-01-16,1419
2019-01-17,2293
2019-01-18,1789
2019-01-19,913
2019-01-20,929
2019-01-21,1716
2019-01-22,1489
2019-01-23,1550
2019-01-24,1432
2019-01-25,1363
2019-01-26,1533
2019-01-27,917
2019-01-28,2093
2019-01-29,2373
2019-01-30,2003
2019-01-31,1490
2019-02-01,1387
2019-02-02,1313
2019-02-03,934
2019-02-04,1967
2019-02-05,1516
2019-02-06,1477
2019-02-07,2071
2019-02-08,2357
2019-02-09,915
2019-02-10,944
2019-02-11,1948
2019-02-12,1457
2019-02-13,1503
2019-02-14,2092
2019-02-15,1374
2019-02-16,1350
2019-02-17,1315
2019-02-18,1441
2019-02-19,2073
2019-02-20,1775
2019-02-21,1506
2019-02-22,1356
2019-02-23,916
2019-02-24,938
2019-02-25,1401
2019-02-26,2386
2019-02-27,1522
2019-02-28,2063
2019-03-01,2036
2019-03-02,1288
2019-03-03,1351
2019-03-04,1497
2019-03-05,2515
2019-03-06,1483
2019-03-07,1529
2019-03-08,1386
2019-03-09,930
2019-03-10,932
2019-03-11,2454
2019-03-12,1501
2019-03-13,2188
2019-03-14,1421
2019-03-15,1448
2019-03-16,943
2019-03-17,1117
2019-03-18,1443
2019-03-19,1493
2019-03-20,1468
2019-03-21,1469
2019-03-22,1424
2019-03-23,918
2019-03-24,908
2019-03-25,1450
2019-03-26,1516
2019-03-27,2176
2019-03-28,1471
2019-03-29,1780
2019-03-30,945
2019-03-31,1405
2019-04-01,1482
2019-04-02,1459
2019-04-03,1493
2019-04-04,1944
2019-04-05,1616
2019-04-06,908
2019-04-07,927
2019-04-08,2677
2019-04-09,1531
2019-04-10,1516
2019-04-11,1466
2019-04-12,1861
2019-04-13,883
2019-04-14,973
2019-04-15,1447
2019-04-16,1549
2019-04-17,1526
2019-04-18,1744
2019-04-19,1486
2019-04-20,928
2019-04-21,1945
2019-04-22,1462
2019-04-23,1564
2019-04-24,1489
2019-04-25,2384
2019-04-26,2560
2019-04-27,1309
2019-04-28,928
2019-04-29,1510
2019-04-30,1717
2019-05-01,1553
2019-05-02,1963
2019-05-03,1817
2019-05-04,2304
2019-05-05,967
2019-05-06,2020
2019-05-07,1622
2019-05-08,1542
2019-05-09,1524
2019-05-10,1463
2019-05-11,1604
2019-05-12,1527
2019-05-13,1521
2019-05-14,1677
2019-05-15,1592
2019-05-16,1907
2019-05-17,1487
2019-05-18,1920
2019-05-19,1017
2019-05-20,2090
2019-05-21,1991
2019-05-22,1561
2019-05-23,1869
2019-05-24,2030
2019-05-25,960
2019-05-26,954
2019-05-27,1488
2019-05-28,1592
2019-05-29,1613
2019-05-30,1630
2019-05-31,1430
2019-06-01,969
2019-06-02,1219
2019-06-03,1527
2019-06-04,1656
2019-06-05,1590
2019-06-06,1589
2019-06-07,1565
2019-06-08,1553
2019-06-09,966
2019-06-10,1804
2019-06-11,1575
2019-06-12,2121
2019-06-13,1628
2019-06-14,1897
2019-06-15,966
2019-06-16,1023
2019-06-17,2185
2019-06-18,2575
2019-06-19,2690
2019-06-20,1548
2019-06-21,1536
2019-06-22,950
2019-06-23,938
2019-06-24,1511
2019-06-25,1532
2019-06-26,1642
2019-06-27,1924
2019-06-28,1493
2019-06-29,962
2019-06-30,974
2019-07-01,1500
2019-07-02,2207
2019-07-03,1618
2019-07-04,2178
2019-07-05,1530
2019-07-06,921
2019-07-07,947
2019-07-08,1522
2019-07-09,1588
2019-07-10,1580
2019-07-11,1498
2019-07-12,1397
2019-07-13,954
2019-07-14,950
2019-07-15,2036
2019-07-16,1528
2019-07-17,1955
2019-07-18,1475
2019-07-19,1755
2019-07-20,1872
2019-07-21,931
2019-07-22,1671
2019-07-23,1990
2019-07-24,1961
2019-07-25,1995
2019-07-26,1366
2019-07-27,1373
2019-07-28,1496
2019-07-29,1354
2019-07-30,1444
2019-07-31,2203
2019-08-01,2101
2019-08-02,1328
2019-08-03,868
2019-08-04,902
2019-08-05,1322
2019-08-06,1419
2019-08-07,1654
2019-08-08,1360
2019-08-09,1307
2019-08-10,2228
2019-08-11,1170
2019-08-12,1263
2019-08-13,1646
2019-08-14,1306
2019-08-15,2027
2019-08-16,1283
2019-08-17,818
2019-08-18,1056
2019-08-19,1236
2019-08-20,1284
2019-08-21,1314
2019-08-22,1678
2019-08-23,1154
2019-08-24,1125
2019-08-25,810
2019-08-26,1199
2019-08-27,1196
2019-08-28,2395
2019-08-29,1203
2019-08-30,1163
2019-08-31,784
2019-09-01,814
2019-09-02,1197
2019-09-03,1534
2019-09-04,1731
2019-09-05,2186
2019-09-06,1186
2019-09-07,1108
2019-09-08,787
2019-09-09,1157
2019-09-10,1255
2019-09-11,1786
2019-09-12,1138
2019-09-13,2308
2019-09-14,767
2019-09-15,810
2019-09-16,1136
2019-09-17,1185
2019-09-18,1561
2019-09-19,1708
2019-09-20,1125
2019-09-21,1187
2019-09-22,790
2019-09-23,1137
2019-09-24,1619
2019-09-25,1183
2019-09-26,1811
2019-09-27,1453
2019-09-28,1294
2019-09-29,776
2019-09-30,1128
2019-10-01,1246
2019-10-02,1170
2019-10-03,2253
2019-10-04,1098
2019-10-05,758
2019-10-06,802
2019-10-07,1633
2019-10-08,1920
2019-10-09,1582
2019-10-10,1790
2019-10-11,1130
2019-10-12,779
2019-10-13,788
2019-10-14,1195
2019-10-15,1198
2019-10-16,1164
2019-10-17,1852
2019-10-18,1132
2019-10-19,801
2019-10-20,837
2019-10-21,1092
2019-10-22,1860
2019-10-23,1224
2019-10-24,1683
2019-10-25,1167
2019-10-26,1444
2019-10-27,1116
2019-10-28,1574
2019-10-29,1606
2019-10-30,1296
2019-10-31,1223
2019-11-01,1203
2019-11-02,853
2019-11-03,1123
2019-11-04,1264
2019-11-05,1337
2019-11-06,1879
2019-11-07,1285
2019-11-08,1812
2019-11-09,1379
2019-11-10,853
2019-11-11,1997
2019-11-12,2224
2019-11-13,1404
2019-11-14,1662
2019-11-15,1651
2019-11-16,1168
2019-11-17,893
2019-11-18,1348
2019-11-19,1492
2019-11-20,1500
2019-11-21,1463
2019-11-22,1336
2019-11-23,866
2019-11-24,893
2019-11-25,1407
2019-11-26,1477
2019-11-27,1529
2019-11-28,1783
2019-11-29,1396
2019-11-30,901
2019-12-01,901
2019-12-02,1424
2019-12-03,1504
2019-12-04,1975
2019-12-05,1809
2019-12-06,1496
2019-12-07,939
2019-12-08,964
2019-12-09,1558
2019-12-10,1608
2019-12-11,1626
2019-12-12,2023
2019-12-13,2063
2019-12-14,1216
2019-12-15,1219
2019-12-16,2357
2019-12-17,1647
2019-12-18,1737
2019-12-19,2013
2019-12-20,1577
2019-12-21,1011
2019-12-22,1458
2019-12-23,1578
2019-12-24,1761
2019-12-25,1747
2019-12-26,1705
2019-12-27,2804
2019-12-28,1083
2019-12-29,1852
2019-12-30,1662
2019-12-31,2235
2020-01-01,2269
2020-01-02,1701
2020-01-03,2146
2020-01-04,1531
2020-01-05,1072
2020-01-06,2380
2020-01-07,1863
2020-01-08,1765
2020-01-09,1778
2020-01-10,2006
2020-01-11,1119
2020-01-12,1107
2020-01-13,1711
2020-01-14,1932
2020-01-15,2402
2020-01-16,1790
2020-01-17,1712
2020-01-18,1530
2020-01-19,1103
2020-01-20,1937
2020-01-21,2055
2020-01-22,1870
2020-01-23,2105
2020-01-24,1788
2020-01-25,1120
2020-01-26,1090
2020-01-27,1783
2020-01-28,1911
2020-01-29,2245
2020-01-30,1817
2020-01-31,1700
2020-02-01,1066
2020-02-02,1803
2020-02-03,1820
2020-02-04,1907
2020-02-05,1919
2020-02-06,1873
2020-02-07,1792
2020-02-08,2326
2020-02-09,1173
2020-02-10,1839
2020-02-11,1939
2020-02-12,1871
2020-02-13,1790
2020-02-14,2242
2020-02-15,1791
2020-02-16,1713
2020-02-17,2033
2020-02-18,1888
2020-02-19,1844
2020-02-20,1838
2020-02-21,1842
2020-02-22,1112
2020-02-23,1112
2020-02-24,1824
2020-02-25,1907
2020-02-26,2332
2020-02-27,1847
2020-02-28,1761
2020-02-29,1070
2020-03-01,1353
2020-03-02,1870
2020-03-03,2941
2020-03-04,1933
2020-03-05,1875
2020-03-06,1764
2020-03-07,1949
2020-03-08,1095
2020-03-09,1748
2020-03-10,1927
2020-03-11,2555
2020-03-12,1912
2020-03-13,1818
2020-03-14,1052
2020-03-15,1124
2020-03-16,2116
2020-03-17,1935
2020-03-18,1873
2020-03-19,2278
2020-03-20,1679
2020-03-21,1083
2020-03-22,1812
2020-03-23,1787
2020-03-24,1850
2020-03-25,1859
2020-03-26,1827
2020-03-27,1813
2020-03-28,2488
2020-03-29,1140
2020-03-30,2198
2020-03-31,2295
2020-04-01,1956
2020-04-02,1790
2020-04-03,1701
2020-04-04,1060
2020-04-05,1138
2020-04-06,1785
2020-04-07,1953
2020-04-08,1877
2020-04-09,2148
2020-04-10,1768
2020-04-11,1590
2020-04-12,1195
2020-04-13,1880
2020-04-14,2340
2020-04-15,2272
2020-04-16,1870
2020-04-17,2004
2020-04-18,1102
2020-04-19,1087
2020-04-20,2299
2020-04-21,2722
2020-04-22,2136
2020-04-23,2287
2020-04-24,2083
2020-04-25,1105
2020-04-26,1157
2020-04-27,1861
2020-04-28,1887
2020-04-29,2207
2020-04-30,2405
2020-05-01,1846
2020-05-02,1748
2020-05-03,2269
2020-05-04,1907
2020-05-05,1945
2020-05-06,1965
2020-05-07,1920
2020-05-08,2319
2020-05-09,1138
2020-05-10,1190
2020-05-11,1750
2020-05-12,2077
2020-05-13,1937
2020-05-14,1849
2020-05-15,1885
2020-05-16,1120
2020-05-17,1172
2020-05-18,1840
2020-05-19,1954
2020-05-20,2421
2020-05-21,1979
2020-05-22,2030
2020-05-23,1357
2020-05-24,1128
2020-05-25,1881
2020-05-26,1994
2020-05-27,2577
2020-05-28,2010
2020-05-29,1909
2020-05-30,1196
2020-05-31,1169
2020-06-01,1907
2020-06-02,2055
2020-06-03,2113
2020-06-04,1967
2020-06-05,1810
2020-06-06,1217
2020-06-07,1201
2020-06-08,2683
2020-06-09,1998
2020-06-10,2729
2020-06-11,1953
2020-06-12,1847
2020-06-13,1161
2020-06-14,1515
2020-06-15,1939
2020-06-16,1929
2020-06-17,2253
2020-06-18,1920
2020-06-19,2590
2020-06-20,1128
2020-06-21,1476
2020-06-22,2215
2020-06-23,1974
2020-06-24,1970
2020-06-25,2435
2020-06-26,1880
2020-06-27,1137
2020-06-28,2249
2020-06-29,1867
2020-06-30,2635
2020-07-01,2602
2020-07-02,2309
2020-07-03,1856
2020-07-04,1996
2020-07-05,2186
2020-07-06,1889
2020-07-07,2312
2020-07-08,2330
2020-07-09,2443
2020-07-10,1767
2020-07-11,1691
2020-07-12,1339
2020-07-13,1779
2020-07-14,2385
2020-07-15,2232
2020-07-16,2632
2020-07-17,2048
2020-07-18,1105
2020-07-19,1413
2020-07-20,2076
2020-07-21,2301
2020-07-22,1874
2020-07-23,2043
2020-07-24,2331
2020-07-25,1060
2020-07-26,1727
2020-07-27,1688
2020-07-28,2383
2020-07-29,2727
2020-07-30,1734
2020-07-31,2664
2020-08-01,2066
2020-08-02,1266
2020-08-03,1536
2020-08-04,1671
2020-08-05,1723
2020-08-06,2307
2020-08-07,1820
2020-08-08,1472
2020-08-09,1261
2020-08-10,2056
2020-08-11,1624
2020-08-12,1687
2020-08-13,1592
2020-08-14,2234
2020-08-15,953
2020-08-16,970
2020-08-17,1502
2020-08-18,2285
2020-08-19,1574
2020-08-20,2125
2020-08-21,1470
2020-08-22,1640
2020-08-23,986
2020-08-24,1492
2020-08-25,1651
2020-08-26,2334
2020-08-27,1404
2020-08-28,1859
2020-08-29,1465
2020-08-30,1332
2020-08-31,1418
2020-09-01,1480
2020-09-02,1487
2020-09-03,1462
2020-09-04,1360
2020-09-05,915
2020-09-06,883
2020-09-07,1603
2020-09-08,1480
2020-09-09,1495
2020-09-10,1409
2020-09-11,1372
2020-09-12,1168
2020-09-13,848
2020-09-14,2013
2020-09-15,1402
2020-09-16,1694
2020-09-17,1780
2020-09-18,1364
2020-09-19,1285
2020-09-20,866
2020-09-21,1307
2020-09-22,1900
2020-09-23,1484
2020-09-24,1369
2020-09-25,1266
2020-09-26,875
2020-09-27,1360
2020-09-28,1434
2020-09-29,1568
2020-09-30,2086
2020-10-01,1416
2020-10-02,1342
2020-10-03,887
2020-10-04,1570
2020-10-05,2049
2020-10-06,1409
2020-10-07,1407
2020-10-08,1820
2020-10-09,1353
2020-10-10,867
2020-10-11,898
2020-10-12,1323
2020-10-13,2114
2020-10-14,1462
2020-10-15,1443
2020-10-16,1347
2020-10-17,923
2020-10-18,902
2020-10-19,1739
2020-10-20,1589
2020-10-21,2836
2020-10-22,1483
2020-10-23,1415
2020-10-24,2020
2020-10-25,899
2020-10-26,2389
2020-10-27,1590
2020-10-28,2173
2020-10-29,1873
2020-10-30,1432
2020-10-31,938
2020-11-01,1300
2020-11-02,1484
2020-11-03,1625
2020-11-04,1571
2020-11-05,1915
2020-11-06,2120
2020-11-07,1014
2020-11-08,996
2020-11-09,2376
2020-11-10,1649
2020-11-11,2140
2020-11-12,1919
2020-11-13,1620
2020-11-14,994
2020-11-15,993
2020-11-16,2272
2020-11-17,1751
2020-11-18,1708
2020-11-19,2507
2020-11-20,1611
2020-11-21,995
2020-11-22,1438
2020-11-23,1764
2020-11-24,1738
2020-11-25,2327
2020-11-26,1781
2020-11-27,1638
2020-11-28,1071
2020-11-29,2111
2020-11-30,2185
2020-12-01,1928
2020-12-02,1897
2020-12-03,1811
2020-12-04,1972
2020-12-05,1800
2020-12-06,1437
2020-12-07,1810
2020-12-08,1983
2020-12-09,3067
2020-12-10,1922
2020-12-11,1789
2020-12-12,1151
2020-12-13,1517
2020-12-14,2700
2020-12-15,2698
2020-12-16,2213
2020-12-17,1993
2020-12-18,1967
2020-12-19,1163
2020-12-20,1226
2020-12-21,2338
2020-12-22,2035
2020-12-23,2001
2020-12-24,2035
2020-12-25,2504
2020-12-26,1541
2020-12-27,1621
2020-12-28,2019
2020-12-29,2040
2020-12-30,3186
2020-12-31,2538
2021-01-01,2701
2021-01-02,1223
2021-01-03,1293
2021-01-04,2506
2021-01-05,2235
2021-01-06,2244
2021-01-07,2167
2021-01-08,2013
2021-01-09,1205
2021-01-10,1286
2021-01-11,2681
2021-01-12,2134
2021-01-13,2664
2021-01-14,2143
2021-01-15,2765
2021-01-16,1765
2021-01-17,1793
2021-01-18,2061
2021-01-19,2127
2021-01-20,2202
2021-01-21,2187
2021-01-22,2596
2021-01-23,2055
2021-01-24,1302
2021-01-25,2213
2021-01-26,2542
2021-01-27,2653
2021-01-28,2536
2021-01-29,3205
2021-01-30,2377
2021-01-31,1923
2021-02-01,2147
2021-02-02,2232
2021-02-03,2274
2021-02-04,2899
2021-02-05,2166
2021-02-06,1968
2021-02-07,1312
2021-02-08,3320
2021-02-09,2305
2021-02-10,2569
2021-02-11,2258
2021-02-12,3029
2021-02-13,1700
2021-02-14,1319
2021-02-15,3136
2021-02-16,2722
2021-02-17,2267
2021-02-18,2148
2021-02-19,2183
2021-02-20,1582
2021-02-21,2020
2021-02-22,3164
2021-02-23,2294
2021-02-24,2258
2021-02-25,2231
2021-02-26,2108
2021-02-27,1534
2021-02-28,1956
2021-03-01,2095
2021-03-02,2240
2021-03-03,2329
2021-03-04,2303
2021-03-05,2231
2021-03-06,1325
2021-03-07,1343
2021-03-08,2241
2021-03-09,2805
2021-03-10,2260
2021-03-11,2774
2021-03-12,2201
2021-03-13,1300
2021-03-14,1325
2021-03-15,2199
2021-03-16,2261
2021-03-17,2226
2021-03-18,2752
2021-03-19,2125
2021-03-20,1272
2021-03-21,1319
2021-03-22,2178
2021-03-23,2282
2021-03-24,2698
2021-03-25,2895
2021-03-26,2190
2021-03-27,1364
2021-03-28,1329
2021-03-29,2212
2021-03-30,2473
2021-03-31,2656
2021-04-01,2315
2021-04-02,2334
2021-04-03,1266
2021-04-04,1363
2021-04-05,2227
2021-04-06,2389
2021-04-07,2208
2021-04-08,2292
2021-04-09,2072
2021-04-10,1318
2021-04-11,1362
2021-04-12,2211
2021-04-13,2655
2021-04-14,2236
2021-04-15,2939
2021-04-16,2819
2021-04-17,1303
2021-04-18,1876
2021-04-19,2127
2021-04-20,2485
2021-04-21,2327
2021-04-22,2326
2021-04-23,2123
2021-04-24,1326
2021-04-25,1792
2021-04-26,2772
2021-04-27,2347
2021-04-28,2586
2021-04-29,2660
2021-04-30,2137
2021-05-01,1645
2021-05-02,1679
2021-05-03,2927
2021-05-04,2965
2021-05-05,2341
2021-05-06,2797
2021-05-07,2254
2021-05-08,1365
2021-05-09,1433
2021-05-10,2969
2021-05-11,2305
2021-05-12,2929
2021-05-13,2413
2021-05-14,2249
2021-05-15,1718
2021-05-16,2191
2021-05-17,2258
2021-05-18,2311
2021-05-19,2376
2021-05-20,3004
2021-05-21,2200
2021-05-22,1459
2021-05-23,1906
2021-05-24,2187
2021-05-25,3532
2021-05-26,2735
2021-05-27,2671
2021-05-28,2362
2021-05-29,1372
2021-05-30,1423
2021-05-31,2821
2021-06-01,2372
2021-06-02,2355
2021-06-03,2844
2021-06-04,2254
2021-06-05,1428
2021-06-06,1370
2021-06-07,2199
2021-06-08,2357
2021-06-09,2857
2021-06-10,2994
2021-06-11,2296
2021-06-12,1377
2021-06-13,1395
2021-06-14,2342
2021-06-15,2630
2021-06-16,3007
2021-06-17,2676
2021-06-18,2188
2021-06-19,2544
2021-06-20,1442
2021-06-21,2268
2021-06-22,2316
2021-06-23,2389
2021-06-24,2840
2021-06-25,2281
2021-06-26,1288
2021-06-27,1415
2021-06-28,2080
2021-06-29,2306
2021-06-30,3042
2021-07-01,2884
2021-07-02,2114
2021-07-03,1356
2021-07-04,1342
2021-07-05,2268
2021-07-06,2393
2021-07-07,2369
2021-07-08,2158
2021-07-09,2446
2021-07-10,1341
2021-07-11,1333
2021-07-12,2880
2021-07-13,2293
2021-07-14,2281
2021-07-15,2212
2021-07-16,2067
2021-07-17,1285
2021-07-18,1287
2021-07-19,2158
2021-07-20,2634
2021-07-21,2622
2021-07-22,3682
2021-07-23,2365
2021-07-24,1288
2021-07-25,1160
2021-07-26,2470
2021-07-27,2159
2021-07-28,2222
2021-07-29,2069
2021-07-30,2042
2021-07-31,1597
2021-08-01,1242
2021-08-02,2555
2021-08-03,3104
2021-08-04,2057
2021-08-05,2268
2021-08-06,1909
2021-08-07,1576
2021-08-08,1088
2021-08-09,1882
2021-08-10,2182
2021-08-11,2287
2021-08-12,2150
2021-08-13,2119
2021-08-14,1354
2021-08-15,1165
2021-08-16,2318
2021-08-17,1971
2021-08-18,1999
2021-08-19,1826
2021-08-20,1721
2021-08-21,1739
2021-08-22,1133
2021-08-23,1790
2021-08-24,2369
2021-08-25,1835
2021-08-26,2102
2021-08-27,1658
2021-08-28,1634
2021-08-29,1060
2021-08-30,2170
2021-08-31,1753
2021-09-01,1829
2021-09-02,1771
2021-09-03,1687
2021-09-04,1028
2021-09-05,975
2021-09-06,1675
2021-09-07,2006
2021-09-08,1671
2021-09-09,1722
2021-09-10,2163
2021-09-11,1450
2021-09-12,1040
2021-09-13,1578
2021-09-14,2116
2021-09-15,2077
2021-09-16,1658
2021-09-17,1622
2021-09-18,1012
2021-09-19,1027
2021-09-20,1637
2021-09-21,1669
2021-09-22,1743
2021-09-23,2165
2021-09-24,1529
2021-09-25,1568
2021-09-26,1018
2021-09-27,1572
2021-09-28,1647
2021-09-29,1867
2021-09-30,1645
2021-10-01,1572
2021-10-02,1003
2021-10-03,1567
2021-10-04,1535
2021-10-05,1690
2021-10-06,1710
2021-10-07,1876
2021-10-08,1541
2021-10-09,1246
2021-10-10,1028
2021-10-11,1611
2021-10-12,1587
2021-10-13,1789
2021-10-14,2186
2021-10-15,1529
2021-10-16,2040
2021-10-17,1042
2021-10-18,1646
2021-10-19,2352
2021-10-20,2029
2021-10-21,1632
2021-10-22,1623
2021-10-23,1025
2021-10-24,1315
2021-10-25,3216
2021-10-26,2448
2021-10-27,2033
2021-10-28,2494
2021-10-29,2362
2021-10-30,1078
2021-10-31,1090
2021-11-01,2340
2021-11-02,2473
2021-11-03,2470
2021-11-04,1870
2021-11-05,2377
2021-11-06,1088
2021-11-07,1150
2021-11-08,1886
2021-11-09,1937
2021-11-10,2170
2021-11-11,1931
2021-11-12,1890
2021-11-13,1351
2021-11-14,1197
2021-11-15,1943
2021-11-16,2331
2021-11-17,2021
2021-11-18,2862
2021-11-19,2397
2021-11-20,1142
2021-11-21,1227
2021-11-22,1975
2021-11-23,2406
2021-11-24,2093
2021-11-25,2295
2021-11-26,2453
2021-11-27,1247
2021-11-28,1783
2021-11-29,2160
2021-11-30,2204
2021-12-01,2672
2021-12-02,2694
2021-12-03,2748
2021-12-04,1525
2021-12-05,1270
2021-12-06,3188
2021-12-07,2221
2021-12-08,2425
2021-12-09,2458
2021-12-10,2185
2021-12-11,1341
2021-12-12,1352
2021-12-13,2275
2021-12-14,2310
2021-12-15,2457
2021-12-16,2366
2021-12-17,2962
2021-12-18,1760
2021-12-19,1938
2021-12-20,2866
2021-12-21,2647
2021-12-22,2379
2021-12-23,2349
2021-12-24,2387
2021-12-25,1358
2021-12-26,1475
2021-12-27,2427
2021-12-28,2484
2021-12-29,3056
2021-12-30,2414
2021-12-31,2517
2022-01-01,2080
2022-01-02,1493
2022-01-03,3116
2022-01-04,3733
2022-01-05,2558
2022-01-06,2576
2022-01-07,2435
2022-01-08,1524
2022-01-09,1470
2022-01-10,3195
2022-01-11,2606
2022-01-12,3508
2022-01-13,2473
2022-01-14,2394
2022-01-15,2584
2022-01-16,2005
2022-01-17,2359
2022-01-18,2642
2022-01-19,2570
2022-01-20,2599
2022-01-21,2464
2022-01-22,1456
2022-01-23,1484
2022-01-24,3201
2022-01-25,2683
2022-01-26,2682
2022-01-27,2582
2022-01-28,2401
2022-01-29,2193
2022-01-30,1868
2022-01-31,2596
2022-02-01,2669
2022-02-02,3337
2022-02-03,4386
2022-02-04,2484
2022-02-05,1722
2022-02-06,1590
2022-02-07,3036
2022-02-08,2706
2022-02-09,3244
2022-02-10,2689
2022-02-11,2559
2022-02-12,1521
2022-02-13,2051
2022-02-14,2554
2022-02-15,3226
2022-02-16,2624
2022-02-17,2564
2022-02-18,2383
2022-02-19,2022
2022-02-20,1587
2022-02-21,2484
2022-02-22,2695
2022-02-23,2681
2022-02-24,2604
2022-02-25,2584
2022-02-26,1538
2022-02-27,1510
2022-02-28,4198
2022-03-01,3684
2022-03-02,2970
2022-03-03,2689
2022-03-04,3626
2022-03-05,1503
2022-03-06,1766
2022-03-07,3175
2022-03-08,2623
2022-03-09,3032
2022-03-10,2497
2022-03-11,2699
2022-03-12,2122
2022-03-13,1601
2022-03-14,2542
2022-03-15,2660
2022-03-16,2835
2022-03-17,2563
2022-03-18,3033
2022-03-19,1520
2022-03-20,2240
2022-03-21,2747
2022-03-22,3193
2022-03-23,2682
2022-03-24,2707
2022-03-25,3221
2022-03-26,1500
2022-03-27,1590
2022-03-28,2515
2022-03-29,2649
2022-03-30,2696
2022-03-31,3543
2022-04-01,2970
2022-04-02,1535
2022-04-03,1568
2022-04-04,3203
2022-04-05,2662
2022-04-06,2741
2022-04-07,3095
2022-04-08,3344
2022-04-09,1588
2022-04-10,2262
2022-04-11,3038
2022-04-12,3341
2022-04-13,3166
2022-04-14,2543
2022-04-15,2724
2022-04-16,1453
2022-04-17,1598
2022-04-18,2638
2022-04-19,2700
2022-04-20,2706
2022-04-21,2931
2022-04-22,2505
2022-04-23,2612
2022-04-24,1595
2022-04-25,2576
2022-04-26,2671
2022-04-27,2771
2022-04-28,2590
2022-04-29,2439
2022-04-30,1515
2022-05-01,1594
2022-05-02,2614
2022-05-03,2693
2022-05-04,3062
2022-05-05,3166
2022-05-06,3110
2022-05-07,1824
2022-05-08,1565
2022-05-09,2780
2022-05-10,3204
2022-05-11,3557
2022-05-12,3163
2022-05-13,2644
2022-05-14,2088
2022-05-15,1610
2022-05-16,2710
2022-05-17,2696
2022-05-18,3086
2022-05-19,3277
2022-05-20,2734
2022-05-21,1580
2022-05-22,1637
2022-05-23,3288
2022-05-24,3829
2022-05-25,2776
2022-05-26,2782
2022-05-27,2699
2022-05-28,2149
2022-05-29,1971
2022-05-30,3230
2022-05-31,2739
2022-06-01,2926
2022-06-02,2776
2022-06-03,2557
2022-06-04,1799
2022-06-05,1580
2022-06-06,2653
2022-06-07,2862
2022-06-08,2874
2022-06-09,2591
2022-06-10,2699
2022-06-11,1589
2022-06-12,1964
2022-06-13,2609
2022-06-14,2716
2022-06-15,2829
2022-06-16,2713
2022-06-17,3123
2022-06-18,1619
2022-06-19,1847
2022-06-20,2626
2022-06-21,2705
2022-06-22,3287
2022-06-23,2675
2022-06-24,2531
2022-06-25,1572
2022-06-26,1546
2022-06-27,2753
2022-06-28,3077
2022-06-29,3541
2022-06-30,2728
2022-07-01,3096
2022-07-02,1509
2022-07-03,1523
2022-07-04,2644
2022-07-05,2767
2022-07-06,2674
2022-07-07,3040
2022-07-08,2532
2022-07-09,1551
2022-07-10,1502
2022-07-11,2552
2022-07-12,2619
2022-07-13,2600
2022-07-14,2585
2022-07-15,2357
2022-07-16,1780
2022-07-17,2074
2022-07-18,2527
2022-07-19,2581
2022-07-20,2658
2022-07-21,2461
2022-07-22,2349
2022-07-23,1447
2022-07-24,1422
2022-07-25,2882
2022-07-26,2572
2022-07-27,3085
2022-07-28,2433
2022-07-29,2226
2022-07-30,1325
2022-07-31,1886
2022-08-01,2213
2022-08-02,2972
2022-08-03,2961
2022-08-04,2843
2022-08-05,2853
2022-08-06,1761
2022-08-07,1626
2022-08-08,2326
2022-08-09,2344
2022-08-10,2356
2022-08-11,2790
2022-08-12,2698
2022-08-13,1282
2022-08-14,1702
2022-08-15,2049
2022-08-16,3048
2022-08-17,2275
2022-08-18,2621
2022-08-19,2122
2022-08-20,1524
2022-08-21,1296
2022-08-22,2420
2022-08-23,2581
2022-08-24,2145
2022-08-25,2132
2022-08-26,3213
2022-08-27,1264
2022-08-28,2020
2022-08-29,2801
2022-08-30,2522
2022-08-31,2808
2022-09-01,2041
2022-09-02,1912
2022-09-03,1532
2022-09-04,1201
2022-09-05,2054
2022-09-06,1950
2022-09-07,2073
2022-09-08,2154
2022-09-09,2293
2022-09-10,1181
2022-09-11,1151
2022-09-12,1836
2022-09-13,2343
2022-09-14,1983
2022-09-15,1945
2022-09-16,1948
2022-09-17,1171
2022-09-18,1709
2022-09-19,2483
2022-09-20,1948
2022-09-21,2371
2022-09-22,2467
2022-09-23,2221
2022-09-24,1087
2022-09-25,1150
2022-09-26,1749
2022-09-27,2002
2022-09-28,2594
2022-09-29,1829
2022-09-30,2436
2022-10-01,1186
2022-10-02,1113
2022-10-03,2494
2022-10-04,1955
2022-10-05,2511
2022-10-06,1915
2022-10-07,2102
2022-10-08,2135
2022-10-09,1646
2022-10-10,2377
2022-10-11,2366
2022-10-12,1990
2022-10-13,2638
2022-10-14,1827
2022-10-15,1798
2022-10-16,1132
2022-10-17,1838
2022-10-18,2026
2022-10-19,1923
2022-10-20,1951
2022-10-21,2146
2022-10-22,1447
2022-10-23,1436
2022-10-24,1952
2022-10-25,2166
2022-10-26,2031
2022-10-27,1984
2022-10-28,1879
2022-10-29,1161
2022-10-30,1147
2022-10-31,2343
2022-11-01,2341
2022-11-02,2175
2022-11-03,2091
2022-11-04,2031
2022-11-05,1487
2022-11-06,1255
2022-11-07,3061
2022-11-08,2091
2022-11-09,2248
2022-11-10,2155
2022-11-11,2410
2022-11-12,1968
2022-11-13,1952
2022-11-14,2278
2022-11-15,2667
2022-11-16,2329
2022-11-17,2804
2022-11-18,2179
2022-11-19,1352
2022-11-20,1837
2022-11-21,2313
2022-11-22,3073
2022-11-23,2442
2022-11-24,2775
2022-11-25,2274
2022-11-26,1415
2022-11-27,1449
2022-11-28,3104
2022-11-29,2454
2022-11-30,2582
2022-12-01,2316
2022-12-02,2299
2022-12-03,1493
2022-12-04,1489
2022-12-05,2882
2022-12-06,2693
2022-12-07,2655
2022-12-08,2815
2022-12-09,3176
2022-12-10,1497
2022-12-11,1535
2022-12-12,2621
2022-12-13,2709
2022-12-14,2885
2022-12-15,2748
2022-12-16,2698
2022-12-17,1647
2022-12-18,1557
2022-12-19,3065
2022-12-20,3033
2022-12-21,2760
2022-12-22,2905
2022-12-23,3585
2022-12-24,1626
2022-12-25,1673
2022-12-26,2751
2022-12-27,3268
2022-12-28,3841
2022-12-29,2826
2022-12-30,2761
2022-12-31,1687
2023-01-01,1642
2023-01-02,2853
2023-01-03,2934
2023-01-04,3046
2023-01-05,2921
2023-01-06,2842
2023-01-07,1615
2023-01-08,1643
2023-01-09,3331
2023-01-10,3487
2023-01-11,3019
2023-01-12,3802
2023-01-13,3344
2023-01-14,1726
2023-01-15,1729
2023-01-16,3488
2023-01-17,3214
2023-01-18,2991
2023-01-19,3046
2023-01-20,2842
2023-01-21,1983
2023-01-22,2605
2023-01-23,2880
2023-01-24,3237
2023-01-25,3179
2023-01-26,3051
2023-01-27,3096
2023-01-28,1719
2023-01-29,1783
2023-01-30,3039
2023-01-31,3116
2023-02-01,3632
2023-02-02,3304
2023-02-03,2802
2023-02-04,1629
2023-02-05,1774
2023-02-06,2837
2023-02-07,3040
2023-02-08,3158
2023-02-09,2975
2023-02-10,2835
2023-02-11,1984
2023-02-12,1770
2023-02-13,3004
2023-02-14,3104
2023-02-15,2942
2023-02-16,3599
2023-02-17,2905
2023-02-18,2121
2023-02-19,2270
2023-02-20,2915
2023-02-21,3807
2023-02-22,3477
2023-02-23,3014
2023-02-24,2860
2023-02-25,2277
2023-02-26,1808
2023-02-27,3195
2023-02-28,3086
2023-03-01,3453
2023-03-02,3409
2023-03-03,2940
2023-03-04,2316
2023-03-05,2199
2023-03-06,2928
2023-03-07,3070
2023-03-08,3615
2023-03-09,2878
2023-03-10,3010
2023-03-11,1770
2023-03-12,2033
2023-03-13,2861
2023-03-14,2980
2023-03-15,3487
2023-03-16,3660
2023-03-17,2934
2023-03-18,1696
2023-03-19,2682
2023-03-20,3306
2023-03-21,3002
2023-03-22,3044
2023-03-23,3120
2023-03-24,3502
2023-03-25,1824
2023-03-26,2438
2023-03-27,3230
2023-03-28,2983
2023-03-29,3056
2023-03-30,3713
2023-03-31,2945
2023-04-01,1746
2023-04-02,1755
2023-04-03,3180
2023-04-04,2999
2023-04-05,3110
2023-04-06,3542
2023-04-07,2887
2023-04-08,1761
2023-04-09,1687
2023-04-10,2981
2023-04-11,3624
2023-04-12,3321
2023-04-13,2923
2023-04-14,3385
2023-04-15,1724
2023-04-16,1675
2023-04-17,3606
2023-04-18,3135
2023-04-19,3078
2023-04-20,4377
2023-04-21,2956
2023-04-22,1812
2023-04-23,1776
2023-04-24,3322
2023-04-25,3700
2023-04-26,3153
2023-04-27,2999
2023-04-28,2877
2023-04-29,2455
2023-04-30,1889
2023-05-01,3017
2023-05-02,3925
2023-05-03,3773
2023-05-04,3144
2023-05-05,3177
2023-05-06,3191
2023-05-07,1868
2023-05-08,3154
2023-05-09,3814
2023-05-10,3142
2023-05-11,3863
2023-05-12,2892
2023-05-13,1814
2023-05-14,1841
2023-05-15,4118
2023-05-16,3182
2023-05-17,3158
2023-05-18,3070
2023-05-19,2857
2023-05-20,1772
2023-05-21,2249
2023-05-22,3547
2023-05-23,3500
2023-05-24,3811
2023-05-25,3285
2023-05-26,3044
2023-05-27,2152
2023-05-28,1822
2023-05-29,3350
2023-05-30,3178
2023-05-31,3151
2023-06-01,3688
2023-06-02,3054
2023-06-03,2328
2023-06-04,1914
2023-06-05,3504
2023-06-06,3575
2023-06-07,3851
2023-06-08,3175
2023-06-09,3772
2023-06-10,1875
2023-06-11,1853
2023-06-12,3034
2023-06-13,3426
2023-06-14,3825
2023-06-15,3329
2023-06-16,4149
2023-06-17,1818
2023-06-18,1782
2023-06-19,2992
2023-06-20,3189
2023-06-21,4131
2023-06-22,3157
2023-06-23,3376
2023-06-24,1840
2023-06-25,1691
2023-06-26,3020
2023-06-27,3192
2023-06-28,3601
2023-06-29,3012
2023-06-30,2974
2023-07-01,1704
2023-07-02,1757
2023-07-03,2916
2023-07-04,3323
2023-07-05,2997
2023-07-06,3470
2023-07-07,2877
2023-07-08,1703
2023-07-09,1721
2023-07-10,2852
2023-07-11,3078
2023-07-12,2873
2023-07-13,3037
2023-07-14,2699
2023-07-15,2953
2023-07-16,1652
2023-07-17,2845
2023-07-18,2841
2023-07-19,3053
2023-07-20,3633
2023-07-21,2769
2023-07-22,1657
2023-07-23,2090
2023-07-24,2657
2023-07-25,2735
2023-07-26,2831
2023-07-27,2707
2023-07-28,2645
2023-07-29,2089
2023-07-30,1593
2023-07-31,2678
2023-08-01,2642
2023-08-02,2770
2023-08-03,2622
2023-08-04,2668
2023-08-05,1520
2023-08-06,2944
2023-08-07,3099
2023-08-08,3041
2023-08-09,3089
2023-08-10,2525
2023-08-11,3113
2023-08-12,2539
2023-08-13,1495
2023-08-14,2495
2023-08-15,3233
2023-08-16,2459
2023-08-17,2540
2023-08-18,2588
2023-08-19,2169
2023-08-20,3371
2023-08-21,2952
2023-08-22,3297
2023-08-23,2615
2023-08-24,3067
2023-08-25,2957
2023-08-26,1388
2023-08-27,1866
2023-08-28,2298
2023-08-29,2473
2023-08-30,2385
2023-08-31,2361
2023-09-01,2271
2023-09-02,1383
2023-09-03,1905
2023-09-04,2260
2023-09-05,2850
2023-09-06,2439
2023-09-07,3032
2023-09-08,2105
2023-09-09,1873
2023-09-10,1310
2023-09-11,2132
2023-09-12,2333
2023-09-13,2242
2023-09-14,2161
2023-09-15,3121
2023-09-16,1907
2023-09-17,1510
2023-09-18,2559
2023-09-19,2140
2023-09-20,2218
2023-09-21,2175
2023-09-22,2080
2023-09-23,1866
2023-09-24,1517
2023-09-25,2074
2023-09-26,2262
2023-09-27,2467
2023-09-28,2192
2023-09-29,2031
2023-09-30,1247
2023-10-01,1925
2023-10-02,2099
2023-10-03,2179
2023-10-04,2280
2023-10-05,2159
2023-10-06,2377
2023-10-07,1281
2023-10-08,1280
2023-10-09,2147
2023-10-10,3079
2023-10-11,2348
2023-10-12,2182
2023-10-13,2065
2023-10-14,1250
2023-10-15,1281
2023-10-16,2166
2023-10-17,2229
2023-10-18,2375
2023-10-19,2255
2023-10-20,2113
2023-10-21,1334
2023-10-22,1307
2023-10-23,2267
2023-10-24,2323
2023-10-25,2893
2023-10-26,2270
2023-10-27,2197
2023-10-28,1798
2023-10-29,1362
2023-10-30,2474
2023-10-31,3047
2023-11-01,2466
2023-11-02,2785
2023-11-03,2395
2023-11-04,1401
2023-11-05,1420
2023-11-06,2378
2023-11-07,3032
2023-11-08,2487
2023-11-09,2792
2023-11-10,2810
2023-11-11,1459
2023-11-12,1427
2023-11-13,2465
2023-11-14,2899
2023-11-15,2691
2023-11-16,2627
2023-11-17,2404
2023-11-18,1471
2023-11-19,1608
2023-11-20,2875
2023-11-21,2881
2023-11-22,3356
2023-11-23,2683
2023-11-24,3083
2023-11-25,2215
2023-11-26,1531
2023-11-27,2562
2023-11-28,2787
2023-11-29,2889
2023-11-30,2816
2023-12-01,2948
2023-12-02,2026
2023-12-03,1606
2023-12-04,2796
2023-12-05,2953
2023-12-06,3027
2023-12-07,2866
2023-12-08,3914
2023-12-09,2188
2023-12-10,1663
2023-12-11,2727
2023-12-12,3509
2023-12-13,3414
2023-12-14,2925
2023-12-15,3546
2023-12-16,1697
2023-12-17,1682
2023-12-18,3122
2023-12-19,3155
2023-12-20,3172
2023-12-21,3163
2023-12-22,3120
2023-12-23,1879
2023-12-24,2228
2023-12-25,3045
2023-12-26,3088
2023-12-27,3330
2023-12-28,3861
2023-12-29,3154
2023-12-30,1857
2023-12-31,1848
2024-01-01,3247
2024-01-02,3222
2024-01-03,3325
2024-01-04,3709
2024-01-05,3204
2024-01-06,1940
2024-01-07,2537
2024-01-08,3213
2024-01-09,3413
2024-01-10,3462
2024-01-11,3914
2024-01-12,3038
2024-01-13,1897
2024-01-14,1883
2024-01-15,3564
2024-01-16,3417
2024-01-17,3391
2024-01-18,3770
2024-01-19,3288
2024-01-20,1854
2024-01-21,1923
2024-01-22,3294
2024-01-23,3469
2024-01-24,3431
2024-01-25,3483
2024-01-26,3294
2024-01-27,1959
2024-01-28,1928
2024-01-29,4060
2024-01-30,4021
2024-01-31,3453
2024-02-01,4180
2024-02-02,3209
2024-02-03,2353
2024-02-04,2584
2024-02-05,3287
2024-02-06,3885
2024-02-07,3659
2024-02-08,4024
2024-02-09,3562
2024-02-10,2014
2024-02-11,2415
2024-02-12,3795
2024-02-13,3574
2024-02-14,4011
2024-02-15,4234
2024-02-16,3336
2024-02-17,2543
2024-02-18,2709
2024-02-19,3308
2024-02-20,3755
2024-02-21,3617
2024-02-22,3354
2024-02-23,3454
2024-02-24,2022
2024-02-25,2029
2024-02-26,3303
2024-02-27,4402
2024-02-28,3431
2024-02-29,3448
2024-03-01,3666
2024-03-02,2497
2024-03-03,1871
2024-03-04,3467
2024-03-05,3424
2024-03-06,3465
2024-03-07,3407
2024-03-08,3519
2024-03-09,2018
2024-03-10,1960
2024-03-11,4540
2024-03-12,3438
2024-03-13,4120
2024-03-14,3434
2024-03-15,3205
2024-03-16,1909
2024-03-17,2265
2024-03-18,4092
2024-03-19,3402
2024-03-20,3393
2024-03-21,3616
2024-03-22,3397
2024-03-23,1896
2024-03-24,1982
2024-03-25,3255
2024-03-26,3525
2024-03-27,3513
2024-03-28,3708
2024-03-29,3591
2024-03-30,1874
2024-03-31,2168
2024-04-01,3501
2024-04-02,4093
2024-04-03,3866
2024-04-04,3759
2024-04-05,3282
2024-04-06,2350
2024-04-07,2049
2024-04-08,3243
2024-04-09,3465
2024-04-10,4016
2024-04-11,3525
2024-04-12,3295
2024-04-13,2129
2024-04-14,2286
2024-04-15,4711
2024-04-16,3438
2024-04-17,3574
2024-04-18,3766
2024-04-19,3298
2024-04-20,1880
2024-04-21,3377
2024-04-22,3323
2024-04-23,4085
2024-04-24,3792
2024-04-25,4755
2024-04-26,4016
2024-04-27,2613
2024-04-28,1905
2024-04-29,3283
2024-04-30,3455
2024-05-01,3355
2024-05-02,3428
2024-05-03,3507
2024-05-04,2024
2024-05-05,2081
2024-05-06,4301
2024-05-07,5172
2024-05-08,3652
2024-05-09,3741
2024-05-10,3750
2024-05-11,1858
2024-05-12,2323
2024-05-13,3382
2024-05-14,3550
2024-05-15,3593
2024-05-16,3851
2024-05-17,3533
2024-05-18,2000
2024-05-19,1969
2024-05-20,3495
2024-05-21,3525
2024-05-22,3589
2024-05-23,3585
2024-05-24,3344
2024-05-25,2123
2024-05-26,3147
2024-05-27,3496
2024-05-28,3621
2024-05-29,4049
2024-05-30,3511
2024-05-31,3391
2024-06-01,2633
2024-06-02,2160
2024-06-03,3526
2024-06-04,3470
2024-06-05,3649
2024-06-06,3482
2024-06-07,3336
2024-06-08,2068
2024-06-09,2603
2024-06-10,4332
2024-06-11,3538
2024-06-12,3602
2024-06-13,3617
2024-06-14,3740
2024-06-15,2583
2024-06-16,2035
2024-06-17,3870
2024-06-18,3549
2024-06-19,4267
2024-06-20,4032
2024-06-21,3679
2024-06-22,2035
2024-06-23,2401
2024-06-24,3447
2024-06-25,3935
2024-06-26,3864
2024-06-27,3402
2024-06-28,3878
2024-06-29,1864
2024-06-30,1952
2024-07-01,3344
2024-07-02,3821
2024-07-03,3275
2024-07-04,3769
2024-07-05,3822
2024-07-06,2700
2024-07-07,2068
2024-07-08,3935
2024-07-09,3425
2024-07-10,3444
2024-07-11,4441
2024-07-12,4150
2024-07-13,2211
2024-07-14,1864
2024-07-15,3713
2024-07-16,3168
2024-07-17,3561
2024-07-18,3879
2024-07-19,2987
2024-07-20,1825
2024-07-21,1848
2024-07-22,3439
2024-07-23,3657
2024-07-24,3215
2024-07-25,3226
2024-07-26,3540
2024-07-27,1789
2024-07-28,1846
2024-07-29,2991
2024-07-30,3069
2024-07-31,3115
2024-08-01,3519
2024-08-02,3184
2024-08-03,1672
2024-08-04,1691
2024-08-05,3172
2024-08-06,3891
2024-08-07,3445
2024-08-08,2888
2024-08-09,2876
2024-08-10,2202
2024-08-11,1667
2024-08-12,3354
2024-08-13,2913
2024-08-14,2937
2024-08-15,3151
2024-08-16,3086
2024-08-17,1627
2024-08-18,1634
2024-08-19,2617
2024-08-20,2681
2024-08-21,3334
2024-08-22,2659
2024-08-23,2649
2024-08-24,2121
2024-08-25,1576
2024-08-26,2560
2024-08-27,2691
2024-08-28,2705
2024-08-29,3379
2024-08-30,2424
2024-08-31,1478
2024-09-01,1474
2024-09-02,2787
2024-09-03,2497
2024-09-04,2614
2024-09-05,3031
2024-09-06,3174
2024-09-07,1774
2024-09-08,1470
2024-09-09,2336
2024-09-10,2803
2024-09-11,2528
2024-09-12,2444
2024-09-13,2788
2024-09-14,2040
2024-09-15,1418
2024-09-16,2484
2024-09-17,2576
2024-09-18,2499
2024-09-19,2890
2024-09-20,2365
2024-09-21,1379
2024-09-22,1928
2024-09-23,2348
2024-09-24,2420
2024-09-25,2459
2024-09-26,2377
2024-09-27,2739
2024-09-28,1423
2024-09-29,1388
2024-09-30,2411
2024-10-01,3514
2024-10-02,2471
2024-10-03,2314
2024-10-04,2315
2024-10-05,1379
2024-10-06,1902
2024-10-07,2422
2024-10-08,2912
2024-10-09,3001
2024-10-10,2401
2024-10-11,2245
2024-10-12,1407
2024-10-13,1458
2024-10-14,2939
2024-10-15,3127
2024-10-16,2605
2024-10-17,3112
2024-10-18,2379
2024-10-19,1747
2024-10-20,1452
2024-10-21,2518
2024-10-22,2613
2024-10-23,2707
2024-10-24,2992
2024-10-25,2476
2024-10-26,1475
2024-10-27,1910
2024-10-28,2475
2024-10-29,2711
2024-10-30,3517
2024-10-31,3264
2024-11-01,2686
2024-11-02,1526
2024-11-03,2191
2024-11-04,2678
2024-11-05,2786
2024-11-06,4339
2024-11-07,2706
2024-11-08,2643
2024-11-09,1612
2024-11-10,2286
2024-11-11,3164
2024-11-12,2864
2024-11-13,3860
2024-11-14,2886
2024-11-15,3743
2024-11-16,1621
2024-11-17,1744
2024-11-18,2774
2024-11-19,3687
2024-11-20,3026
2024-11-21,3818
2024-11-22,2793
2024-11-23,1706
2024-11-24,2172
2024-11-25,3605
2024-11-26,3201
2024-11-27,3612
2024-11-28,3694
2024-11-29,2994
2024-11-30,1706
2024-12-01,1877
2024-12-02,3774
2024-12-03,3286
2024-12-04,3351
2024-12-05,3269
2024-12-06,3592
2024-12-07,1945
2024-12-08,2481
2024-12-09,3201
2024-12-10,3305
2024-12-11,3339
2024-12-12,3443
2024-12-13,3207
2024-12-14,1889
2024-12-15,2006
2024-12-16,3868
2024-12-17,3635
2024-12-18,3494
2024-12-19,3562
2024-12-20,3325
2024-12-21,2583
2024-12-22,1929
2024-12-23,3326
2024-12-24,3379
2024-12-25,3700
2024-12-26,3964
2024-12-27,3409
2024-12-28,2155
2024-12-29,2116
2024-12-30,3484
2024-12-31,3397
2025-01-01,4018
2025-01-02,3602
2025-01-03,3485
2025-01-04,2058
2025-01-05,2214
2025-01-06,4064
2025-01-07,4123
2025-01-08,3819
2025-01-09,3974
2025-01-10,3469
2025-01-11,2678
2025-01-12,2104
2025-01-13,3636
2025-01-14,3936
2025-01-15,3904
2025-01-16,3792
2025-01-17,3487
2025-01-18,2178
2025-01-19,2228
2025-01-20,3543
2025-01-21,3858
2025-01-22,4045
2025-01-23,4440
2025-01-24,3627
2025-01-25,3032
2025-01-26,2370
2025-01-27,3921
2025-01-28,3708
2025-01-29,4123
2025-01-30,4801
2025-01-31,3505
2025-02-01,2177
2025-02-02,2269
2025-02-03,4284
2025-02-04,3729
2025-02-05,3852
2025-02-06,3950
2025-02-07,3622
2025-02-08,2245
2025-02-09,2495
2025-02-10,3600
2025-02-11,4630
2025-02-12,3916
2025-02-13,3874
2025-02-14,3701
2025-02-15,2261
2025-02-16,2435
2025-02-17,3551
2025-02-18,4543
2025-02-19,4086
2025-02-20,4064
2025-02-21,3713
2025-02-22,2497
2025-02-23,2233
2025-02-24,3741
2025-02-25,4910
2025-02-26,3865
2025-02-27,3797
2025-02-28,4005
2025-03-01,2137
2025-03-02,2213
2025-03-03,4056
2025-03-04,4469
2025-03-05,3815
2025-03-06,4310
2025-03-07,4718
2025-03-08,2239
2025-03-09,2922
2025-03-10,3640
2025-03-11,4144
2025-03-12,4280
2025-03-13,3930
2025-03-14,3592
2025-03-15,2138
2025-03-16,2837
2025-03-17,3581
2025-03-18,4012
2025-03-19,4056
2025-03-20,3776
2025-03-21,4586
2025-03-22,2713
2025-03-23,2127
2025-03-24,3565
2025-03-25,3437
2025-03-26,3903
2025-03-27,3899
2025-03-28,3534
2025-03-29,2146
2025-03-30,2528
2025-03-31,3923
2025-04-01,3883
2025-04-02,4321
2025-04-03,3797
2025-04-04,3765
2025-04-05,2209
2025-04-06,2286
2025-04-07,3722
2025-04-08,3759
2025-04-09,4064
2025-04-10,4558
2025-04-11,4517
2025-04-12,2188
2025-04-13,2283
2025-04-14,3753
2025-04-15,3989
2025-04-16,4280
2025-04-17,3799
2025-04-18,3715
2025-04-19,2169
2025-04-20,2203
2025-04-21,3622
2025-04-22,4059
2025-04-23,3886
2025-04-24,3747
2025-04-25,3720
2025-04-26,2426
2025-04-27,2597
2025-04-28,3611
2025-04-29,3970
2025-04-30,4290
2025-05-01,3875
2025-05-02,3853
2025-05-03,2100
2025-05-04,2185
2025-05-05,4987
2025-05-06,3887
2025-05-07,4563
2025-05-08,4324
2025-05-09,4051
2025-05-10,2819
2025-05-11,2333
2025-05-12,4956
2025-05-13,3999
2025-05-14,4406
2025-05-15,3754
2025-05-16,3832
2025-05-17,2292
2025-05-18,2556
2025-05-19,3740
2025-05-20,3833
2025-05-21,4078
2025-05-22,4674
2025-05-23,3761
2025-05-24,2204
2025-05-25,2371
2025-05-26,4653
2025-05-27,4226
2025-05-28,4182
2025-05-29,3984
2025-05-30,4395
2025-05-31,2243
2025-06-01,2557
2025-06-02,4457
2025-06-03,4476
2025-06-04,4327
2025-06-05,4005
2025-06-06,3915
2025-06-07,2282
2025-06-08,3369
2025-06-09,3857
2025-06-10,4814
2025-06-11,4576
2025-06-12,3835
2025-06-13,3660
2025-06-14,2334
2025-06-15,2836
2025-06-16,3802
2025-06-17,3998
2025-06-18,4713
2025-06-19,3950
2025-06-20,3769
2025-06-21,2375
2025-06-22,2722
2025-06-23,3786
2025-06-24,4619
2025-06-25,3913
2025-06-26,3591
2025-06-27,3608
2025-06-28,2158
2025-06-29,3126
2025-06-30,3671
2025-07-01,4517
2025-07-02,4161
2025-07-03,3730
2025-07-04,4207
2025-07-05,2169
2025-07-06,2219
2025-07-07,3576
2025-07-08,3735
2025-07-09,4460
2025-07-10,3656
2025-07-11,4200
2025-07-12,2175
2025-07-13,2740
2025-07-14,3848
2025-07-15,3631
2025-07-16,3755
2025-07-17,3611
2025-07-18,3382
2025-07-19,1977
2025-07-20,2132
2025-07-21,4228
2025-07-22,3580
2025-07-23,3693
2025-07-24,3451
2025-07-25,3286
2025-07-26,1975
2025-07-27,1935
2025-07-28,3386
2025-07-29,3437
2025-07-30,3527
2025-07-31,3276
2025-08-01,3434
2025-08-02,2166
2025-08-03,1902
2025-08-04,4070
2025-08-05,3895
2025-08-06,3380
2025-08-07,3153
2025-08-08,3781
2025-08-09,1878
2025-08-10,1803
2025-08-11,4177
2025-08-12,3605
2025-08-13,3731
2025-08-14,3953
2025-08-15,3325
2025-08-16,1689
2025-08-17,2214
2025-08-18,2969
2025-08-19,3597
2025-08-20,3737
2025-08-21,3036
2025-08-22,3384
2025-08-23,1772
2025-08-24,1748
2025-08-25,3162
2025-08-26,3171
2025-08-27,2985
2025-08-28,2939
2025-08-29,3069
2025-08-30,1642
2025-08-31,2207
2025-09-01,2732
2025-09-02,2823
2025-09-03,3084
2025-09-04,3302
2025-09-05,2764
2025-09-06,1664
2025-09-07,2029
2025-09-08,3200
2025-09-09,2878
2025-09-10,3472
2025-09-11,2762
2025-09-12,3196
2025-09-13,2488
2025-09-14,1560
2025-09-15,3188
2025-09-16,2701
2025-09-17,3031
2025-09-18,2761
2025-09-19,2593
2025-09-20,1607
2025-09-21,1555
2025-09-22,2730
2025-09-23,3029
2025-09-24,2670
2025-09-25,3541
2025-09-26,3122
2025-09-27,1540
2025-09-28,2167
2025-09-29,2581
2025-09-30,2767
2025-10-01,3221
2025-10-02,2605
2025-10-03,2762
2025-10-04,1782
2025-10-05,1563
2025-10-06,2552
2025-10-07,2816
2025-10-08,3470
2025-10-09,2933
2025-10-10,2586
2025-10-11,1586
2025-10-12,2288
2025-10-13,2956
2025-10-14,2740
2025-10-15,2776
2025-10-16,3164
2025-10-17,2786
2025-10-18,1575
2025-10-19,1579
2025-10-20,2763
2025-10-21,2775
2025-10-22,3026
2025-10-23,2796
2025-10-24,2804
2025-10-25,1621
2025-10-26,2303
2025-10-27,2662
2025-10-28,3284
2025-10-29,2844
2025-10-30,2809
2025-10-31,2768
2025-11-01,2722
2025-11-02,2101
2025-11-03,2935
2025-11-04,3623
2025-11-05,3150
2025-11-06,3015
2025-11-07,2957
2025-11-08,1771
2025-11-09,1856
2025-11-10,3284
2025-11-11,3159
2025-11-12,3220
2025-11-13,3262
2025-11-14,3550
2025-11-15,1770
2025-11-16,2577
2025-11-17,3787
2025-11-18,3318
2025-11-19,3285
2025-11-20,3920
2025-11-21,3170
2025-11-22,1922
2025-11-23,1896
2025-11-24,3219
2025-11-25,3425
2025-11-26,3672
2025-11-27,3369
2025-11-28,3190
2025-11-29,2216
2025-11-30,2076
2025-12-01,3448
2025-12-02,3821
2025-12-03,3899
2025-12-04,3549
2025-12-05,3539
2025-12-06,2093
2025-12-07,2085
2025-12-08,3434
2025-12-09,3771
2025-12-10,3835
2025-12-11,3984
2025-12-12,3467
2025-12-13,2585
2025-12-14,2225
2025-12-15,4425
2025-12-16,4387
2025-12-17,3896
2025-12-18,3849
2025-12-19,3718
2025-12-20,2113
2025-12-21,2277
2025-12-22,4061
2025-12-23,3695
2025-12-24,3788
2025-12-25,3849
2025-12-26,3876
2025-12-27,2902
2025-12-28,2293
2025-12-29,4287
2025-12-30,4880
2025-12-31,4763
2026-01-01,4535
2026-01-02,3972
2026-01-03,2352
2026-01-04,2388
2026-01-05,4564
2026-01-06,4082
2026-01-07,4123
2026-01-08,4224
2026-01-09,3892
2026-01-10,2339
2026-01-11,2941
2026-01-12,3971
2026-01-13,4165
2026-01-14,4561
2026-01-15,4103
2026-01-16,3827
2026-01-17,2853
2026-01-18,2471
2026-01-19,4066
2026-01-20,4261
2026-01-21,4297
2026-01-22,4519
2026-01-23,3874
2026-01-24,2332
2026-01-25,2374
2026-01-26,4607
2026-01-27,4316
2026-01-28,4722
2026-01-29,5040
2026-01-30,4031
2026-01-31,3030
2026-02-01,3064
2026-02-02,4005
2026-02-03,4457
2026-02-04,4932
2026-02-05,4366
2026-02-06,4081
2026-02-07,3684
2026-02-08,2472
2026-02-09,4168
2026-02-10,4344
2026-02-11,4794
2026-02-12,4288
2026-02-13,4443
2026-02-14,2743
2026-02-15,2495
2026-02-16,4312
2026-02-17,4401
2026-02-18,4558
2026-02-19,4137
2026-02-20,3955
2026-02-21,2400
2026-02-22,2397
2026-02-23,4664
2026-02-24,4181
2026-02-25,4296
2026-02-26,4166
2026-02-27,4076
2026-02-28,2543
2026-03-01,4805
2026-03-02,4381
2026-03-03,5268
2026-03-04,5067
2026-03-05,4595
2026-03-06,4088
2026-03-07,2430
2026-03-08,2459
2026-03-09,3978
2026-03-10,4159
2026-03-11,4149
2026-03-12,4739
2026-03-13,3829
2026-03-14,2768
2026-03-15,2872
2026-03-16,4576
2026-03-17,4199
2026-03-18,4274
2026-03-19,4052
2026-03-20,4044
2026-03-21,2647
2026-03-22,3398
2026-03-23,4008
2026-03-24,4127
2026-03-25,4376
2026-03-26,4069
2026-03-27,3818
2026-03-28,2536
2026-03-29,2707
2026-03-30,4139
2026-03-31,4876
2026-04-01,4162
2026-04-02,4366
2026-04-03,4491
2026-04-04,2326
2026-04-05,3502
2026-04-06,4259
2026-04-07,4222
2026-04-08,4259
2026-04-09,4014
2026-04-10,4026
2026-04-11,2378
2026-04-12,2683
2026-04-13,4169
2026-04-14,4234
2026-04-15,4227
2026-04-16,4005
2026-04-17,4201
2026-04-18,2484
2026-04-19,2476
2026-04-20,4742
2026-04-21,4533
2026-04-22,4473
2026-04-23,5133
2026-04-24,4074
2026-04-25,2498
2026-04-26,3160
2026-04-27,5255
2026-04-28,4221
2026-04-29,4504
2026-04-30,4297
2026-05-01,3993
2026-05-02,2712
2026-05-03,2413
2026-05-04,4225
2026-05-05,4334
2026-05-06,4929
2026-05-07,4678
2026-05-08,3998
2026-05-09,2421
2026-05-10,3309
2026-05-11,4096
2026-05-12,4354
2026-05-13,4225
2026-05-14,4352
2026-05-15,4815
2026-05-16,2495
2026-05-17,2422
2026-05-18,4305
2026-05-19,4462
2026-05-20,4392
2026-05-21,4319
2026-05-22,3850
2026-05-23,2488
2026-05-24,2525
2026-05-25,4499
2026-05-26,4465
2026-05-27,4821
2026-05-28,4493
2026-05-29,4727
2026-05-30,2563
2026-05-31,2870
2026-06-01,4645
2026-06-02,4625
2026-06-03,4364
2026-06-04,4411
2026-06-05,4572
2026-06-06,3197
2026-06-07,2446
2026-06-08,4631
2026-06-09,4464
2026-06-10,4836
2026-06-11,4262
2026-06-12,3997
2026-06-13,2906
2026-06-14,3185
2026-06-15,4096
2026-06-16,4395
2026-06-17,4303
2026-06-18,4333
2026-06-19,4138
2026-06-20,3035
2026-06-21,2534
2026-06-22,4951
2026-06-23,4966
2026-06-24,4374
2026-06-25,4320
2026-06-26,4144
2026-06-27,3568
2026-06-28,2568
2026-06-29,4075
2026-06-30,4184
2026-07-01,4438
2026-07-02,4721
2026-07-03,3719
2026-07-04,2524
2026-07-05,2377
2026-07-06,3907
2026-07-07,4130
2026-07-08,4703
2026-07-09,5304
2026-07-10,4077
2026-07-11,2387
2026-07-12,2399
2026-07-13,4043
2026-07-14,4582
2026-07-15,5100
2026-07-16,3878
2026-07-17,3781
2026-07-18,2927
2026-07-19,2313
2026-07-20,4220
2026-07-21,4188
2026-07-22,3970
2026-07-23,3743
2026-07-24,4642
2026-07-25,2712
2026-07-26,2183
2026-07-27,3709
2026-07-28,4025
2026-07-29,4166
2026-07-30,4255
2026-07-31,3726
